{"cameraMode":{"drawMode":0,"name":"Shaded","section":"Shading Mode"},"sceneLighting":true,"audioPlay":false,"sceneViewState":{"showFog":true,"showMaterialUpdate":false,"showSkybox":true,"showFlares":true,"showImageEffects":true,"showParticleSystems":true,"showVisualEffectGraphs":true,"m_FxEnabled":false},"in2DMode":false,"pivot":{"x":15.382408142089844,"y":12.073066711425782,"z":-58.08272171020508},"rotation":{"x":0.004499802831560373,"y":-0.008999789133667946,"z":0.00004049932613270357,"w":0.9999493956565857},"size":23.10406494140625,"orthographic":true}